"ec5_uuid","created_at","uploaded_at","title","1_Full_name","2_Facility_name","3_Facility_type","latitude","longitude","accuracy","UTM_Northing","UTM_Easting","UTM_Zone","5_Take_a_picture_of_","6_How_does_the_build","7_Are_there_windows_","8_How_do_you_enter_t","9_What_type_of_road_","10_Can_a_car_reach_t","11_How_clean_are_the","GPS Evaluation","GPS Confidence","AI Evaluation","AI Confidence","GPS Notes","Photo Hash","Duplicate Status"
"b344ac1f-f77a-4f2f-9902-05e90d10f74a","2026-06-02T18:41:49.000Z","2026-06-02T18:41:56.000Z","b344ac1f-f77a-4f2f-9902-05e90d10f74a","Mulebe vicky","MAKAMU DOM CLINIC","Clinic","0.232654","32.577831","8","25715","453023","36N","https://five.epicollect.net/api/media/hospital-infrastructure-mapping-kampala?type=photo&format=entry_original&name=b344ac1f-f77a-4f2f-9902-05e90d10f74a_1780425671.jpg","Some damage","No","Stairs","Tarmac road","No","Clean","Location Verified","100","","","Matched: Riyadh Pharmacy (0.03km away)","","No Image"
"3521ae2e-07cb-47e1-9da0-df6072ea6229","2026-06-02T15:58:01.000Z","2026-06-02T16:27:20.000Z","3521ae2e-07cb-47e1-9da0-df6072ea6229","Mulebe vicky","HEALTH HARIZON MEDICAL CLINIC","Clinic","0.231255","32.577834","4","25561","453023","36N","https://five.epicollect.net/api/media/hospital-infrastructure-mapping-kampala?type=photo&format=entry_original&name=3521ae2e-07cb-47e1-9da0-df6072ea6229_1780415837.jpg","Well maintained","No","Step","Tarmac road","No","Clean","Location Verified","93","","","Matched: Riyadh Pharmacy (0.14km away)","","No Image"
"99a03419-cf34-4647-a5cb-d3a57b999657","2026-06-01T15:05:13.000Z","2026-06-01T15:15:14.000Z","99a03419-cf34-4647-a5cb-d3a57b999657","Mulebe Vicky","Nakasero hospital","Regional Referral Hospital (RRH)","0.327215","32.579614","8","36168","453221","36N","https://five.epicollect.net/api/media/hospital-infrastructure-mapping-kampala?type=photo&format=entry_original&name=99a03419-cf34-4647-a5cb-d3a57b999657_1780326270.jpg","Well maintained","Yes","Stairs","Tarmac road","undefined","Clean","Need Manual Review","69","","","Possible match: BASIL MEDICAL CENTER (0.25km away)","","No Image"
"64ffd57b-2b20-457d-9c3f-feba5401276b","2026-06-01T14:35:48.000Z","2026-06-01T14:45:59.000Z","64ffd57b-2b20-457d-9c3f-feba5401276b","Mulebe Vicky","HK CARES MEDICAL CENTER","Health Centre II","0.341507","32.576444","6","37747","452869","36N","https://five.epicollect.net/api/media/hospital-infrastructure-mapping-kampala?type=photo&format=entry_original&name=64ffd57b-2b20-457d-9c3f-feba5401276b_1780324494.jpg","Well maintained","Yes","Flat entrance","Tarmac road","Yes","Clean","Location Verified","100","","","Matched: Link physiotherapy clinic (0.01km away)","","No Image"
"a0a0dbf0-9e25-4212-91b8-0c75aa74d4ef","2026-06-01T14:33:33.000Z","2026-06-01T14:45:54.000Z","a0a0dbf0-9e25-4212-91b8-0c75aa74d4ef","Mulebe vicky","MILO CLINIC","Clinic","0.341252","32.575796","5","37719","452797","36N","https://five.epicollect.net/api/media/hospital-infrastructure-mapping-kampala?type=photo&format=entry_original&name=a0a0dbf0-9e25-4212-91b8-0c75aa74d4ef_1780324318.jpg","Some damage","Yes","Ramp","Tarmac road","Yes","Clean","Location Verified","100","","","Matched: Milo Clinic (0.00km away)","","No Image"
"27033be4-ded0-4a4c-b92c-6d3421ce7fa9","2026-06-01T14:30:22.000Z","2026-06-01T14:45:49.000Z","27033be4-ded0-4a4c-b92c-6d3421ce7fa9","Mulebe Vicky","DELL DENTAL","Health Centre II","0.34112","32.575068","6","37705","452716","36N","https://five.epicollect.net/api/media/hospital-infrastructure-mapping-kampala?type=photo&format=entry_original&name=27033be4-ded0-4a4c-b92c-6d3421ce7fa9_1780324185.jpg","Some damage","Yes","Ramp","Dusty road","Yes","Some rubbish","Location Verified","100","","","Matched: Center clinic (0.04km away)","","No Image"
"e1a74447-8d3a-4593-9af0-a4f38aa745a6","2026-06-01T14:26:08.000Z","2026-06-01T14:45:44.000Z","e1a74447-8d3a-4593-9af0-a4f38aa745a6","Mulebe vicky","GETWELL PHARMACY","Clinic","0.340199","32.573821","8","37603","452577","36N","https://five.epicollect.net/api/media/hospital-infrastructure-mapping-kampala?type=photo&format=entry_original&name=e1a74447-8d3a-4593-9af0-a4f38aa745a6_1780323909.jpg","Well maintained","Yes","Step","Tarmac road","Yes","Clean","Location Verified","100","","","Matched: Aroma medical center (0.01km away)","","No Image"
"cbaa17f6-39ac-48c0-a54b-ed6da4fadf62","2026-06-01T14:22:11.000Z","2026-06-01T14:45:39.000Z","cbaa17f6-39ac-48c0-a54b-ed6da4fadf62","Mulebe Vicky","HMK MEDICAL AND DENTAL CHAMBERS","Health Centre II","0.334305","32.572948","10","36951","452480","36N","https://five.epicollect.net/api/media/hospital-infrastructure-mapping-kampala?type=photo&format=entry_original&name=cbaa17f6-39ac-48c0-a54b-ed6da4fadf62_1780323673.jpg","Well maintained","undefined","Ramp","Tarmac road","No","Clean","Location Verified","100","","","Matched: Wandegeya Medical Champers (0.01km away)","","No Image"
"26d4093b-34f5-44c9-a4d6-0dfe1f3871a5","2026-06-01T14:17:56.000Z","2026-06-01T14:45:34.000Z","26d4093b-34f5-44c9-a4d6-0dfe1f3871a5","Mulebe Vicky","Marketeer university hospital","Regional Referral Hospital (RRH)","0.321426","32.569326","8","35528","452077","36N","https://five.epicollect.net/api/media/hospital-infrastructure-mapping-kampala?type=photo&format=entry_original&name=26d4093b-34f5-44c9-a4d6-0dfe1f3871a5_1780323436.jpg","Well maintained","Yes","Flat entrance","Tarmac road","Yes","Clean","Need Manual Review","55","","","Possible match: null (0.39km away)","","No Image"
"6e3c7633-9d46-4cbe-b140-80352127661e","2026-06-01T14:12:06.000Z","2026-06-01T14:12:13.000Z","6e3c7633-9d46-4cbe-b140-80352127661e","Mulebe Vicky","Old Kampala hospital","General Hospital","0.317398","32.568297","19","35083","451962","36N","https://five.epicollect.net/api/media/hospital-infrastructure-mapping-kampala?type=photo&format=entry_original&name=6e3c7633-9d46-4cbe-b140-80352127661e_1780323063.jpg","Some damage","Yes","Ramp","Tarmac road","Yes","Clean","Location Verified","97","","","Matched: Old Kampala Hospital (0.09km away)","","No Image"
"64edfb50-8af3-4439-8488-83c479d9070d","2026-06-01T14:06:09.000Z","2026-06-01T14:06:34.000Z","64edfb50-8af3-4439-8488-83c479d9070d","Mulebe Vicky","KYISENYI HEALTH CENTER","National Referral Hospital (NRH)","0.307797","32.569473","11","34021","452093","36N","https://five.epicollect.net/api/media/hospital-infrastructure-mapping-kampala?type=photo&format=entry_original&name=64edfb50-8af3-4439-8488-83c479d9070d_1780322699.jpg","Poor condition","Yes","Stairs","Tarmac road","Yes","Clean","Location Verified","98","","","Matched: null (0.08km away)","","No Image"
"dd898a49-8c3a-49c4-be67-51b8769924ab","2026-06-01T13:57:22.000Z","2026-06-01T13:57:30.000Z","dd898a49-8c3a-49c4-be67-51b8769924ab","mulebe Vicky","MALCOM HEALTH CARE","Health Centre III","0.291494","32.571399","4","32219","452307","36N","https://five.epicollect.net/api/media/hospital-infrastructure-mapping-kampala?type=photo&format=entry_original&name=dd898a49-8c3a-49c4-be67-51b8769924ab_1780322202.jpg","Some damage","Yes","Ramp","Tarmac road","Yes","Some rubbish","Location Verified","100","","","Matched: Malcom Health Centre (0.03km away)","","No Image"
"24520f85-9b2e-41d9-9f86-0bd1921864d5","2026-06-01T13:55:07.000Z","2026-06-01T13:55:21.000Z","24520f85-9b2e-41d9-9f86-0bd1921864d5","Mulebe vicky","CURE MEDICAL CENTE","General Hospital","0.283988","32.567624","14","31390","451887","36N","https://five.epicollect.net/api/media/hospital-infrastructure-mapping-kampala?type=photo&format=entry_original&name=24520f85-9b2e-41d9-9f86-0bd1921864d5_1780322070.jpg","Well maintained","Yes","Stairs","Tarmac road","Yes","Clean","Need Manual Review","68","","","Possible match: Mayfair clinic (0.25km away)","","No Image"
"4a593bb5-69a5-4a85-880c-5b3f5faf7475","2026-06-01T13:50:45.000Z","2026-06-01T13:51:01.000Z","4a593bb5-69a5-4a85-880c-5b3f5faf7475","Mulebe Vicky","Pharmcare Medical care","Health Centre II","0.270017","32.565765","5","29845","451680","36N","https://five.epicollect.net/api/media/hospital-infrastructure-mapping-kampala?type=photo&format=entry_original&name=4a593bb5-69a5-4a85-880c-5b3f5faf7475_1780321813.jpg","Well maintained","Yes","Step","Tarmac road","Yes","Clean","Need Manual Review","48","","","Nearest: Vine (0.47km away) - weak match","","No Image"
"0fcdb755-74b0-4511-91c2-6105c323563a","2026-06-01T13:47:23.000Z","2026-06-01T13:47:41.000Z","0fcdb755-74b0-4511-91c2-6105c323563a","Mulebe Vicky","LUFUKA VALLEY HEALTH CENTRE","Health Centre II","0.259976","32.568204","4","28735","451951","36N","https://five.epicollect.net/api/media/hospital-infrastructure-mapping-kampala?type=photo&format=entry_original&name=0fcdb755-74b0-4511-91c2-6105c323563a_1780321591.jpg","Some damage","Yes","Flat entrance","Dusty road","Yes","Some rubbish","Need Manual Review","10","","","No facilities found within 1km","","No Image"
"9d84f0db-c48f-4eaa-875f-adac3cafaacc","2026-06-01T13:45:46.000Z","2026-06-01T13:47:34.000Z","9d84f0db-c48f-4eaa-875f-adac3cafaacc","Mulebe Vicky","ARICAN HEALTH CARE","Health Centre II","0.256168","32.569278","6","28315","452071","36N","https://five.epicollect.net/api/media/hospital-infrastructure-mapping-kampala?type=photo&format=entry_original&name=9d84f0db-c48f-4eaa-875f-adac3cafaacc_1780321489.jpg","Well maintained","Yes","Step","Dusty road","Yes","Some rubbish","Need Manual Review","10","","","No facilities found within 1km","","No Image"
"00cd17d0-7c5a-4c46-a15a-d0db7a9c37d5","2026-06-01T13:42:48.000Z","2026-06-01T13:42:57.000Z","00cd17d0-7c5a-4c46-a15a-d0db7a9c37d5","Mulebe Vicky","Intercom health care","General Hospital","0.24794","32.571129","9","27405","452277","36N","https://five.epicollect.net/api/media/hospital-infrastructure-mapping-kampala?type=photo&format=entry_original&name=00cd17d0-7c5a-4c46-a15a-d0db7a9c37d5_1780321338.jpg","Well maintained","Yes","Stairs","Tarmac road","Yes","Clean","Need Manual Review","10","","","No facilities found within 1km","","No Image"
"02c86cb1-0cda-4f5b-bf01-341df215bd37","2026-06-01T10:19:58.000Z","2026-06-01T10:20:26.000Z","02c86cb1-0cda-4f5b-bf01-341df215bd37","Mulebe Vicky","HOME CARE MEDICAL MERTANITY","Health Centre II","0.235922","32.576175","4","26077","452838","36N","https://five.epicollect.net/api/media/hospital-infrastructure-mapping-kampala?type=photo&format=entry_original&name=02c86cb1-0cda-4f5b-bf01-341df215bd37_1780309138.jpg","Poor condition","No","Stairs","Dusty road","Yes","Some rubbish","Need Manual Review","53","","","Possible match: Riyadh Pharmacy (0.41km away)","","No Image"
"1cf3a8b9-dbf6-4fbc-9c77-0aec948657ea","2026-06-01T10:09:35.000Z","2026-06-01T10:10:34.000Z","1cf3a8b9-dbf6-4fbc-9c77-0aec948657ea","Mulebe Vicky","JERUSALEM HEALING PHARMACY","Clinic","0.234399","32.5771","3","25908","452941","36N","https://five.epicollect.net/api/media/hospital-infrastructure-mapping-kampala?type=photo&format=entry_original&name=1cf3a8b9-dbf6-4fbc-9c77-0aec948657ea_1780308514.jpg","Well maintained","No","Flat entrance","Tarmac road","Yes","Clean","Location Verified","86","","","Matched: Riyadh Pharmacy (0.22km away)","","No Image"
"b5b821a4-95cd-45b9-a887-230fbbb713c8","2026-06-01T10:02:34.000Z","2026-06-01T10:12:44.000Z","b5b821a4-95cd-45b9-a887-230fbbb713c8","Mulebe Vicky","RIYADH PHARMACY","Clinic","0.232448","32.577761","4","25693","453015","36N","https://five.epicollect.net/api/media/hospital-infrastructure-mapping-kampala?type=photo&format=entry_original&name=b5b821a4-95cd-45b9-a887-230fbbb713c8_1780308086.jpg","Well maintained","No","Ramp","Tarmac road","Yes","Clean","Location Verified","100","","","Matched: Riyadh Pharmacy (0.02km away)","","No Image"
"81c6cc24-125a-4c2c-95a1-92c4ac63d9df","2026-06-01T09:43:14.000Z","2026-06-01T09:45:48.000Z","81c6cc24-125a-4c2c-95a1-92c4ac63d9df","Mulebe Vicky","ERIZ MEDICAL CENTRE","Health Centre II","0.224162","32.577461","35","24777","452981","36N","https://five.epicollect.net/api/media/hospital-infrastructure-mapping-kampala?type=photo&format=entry_original&name=81c6cc24-125a-4c2c-95a1-92c4ac63d9df_1780306929.jpg","Well maintained","Yes","Flat entrance","Tarmac road","Yes","Clean","Need Manual Review","20","","","Nearest: Riyadh Pharmacy (0.93km away) - weak match","","No Image"
